tipoLampara,tipoLuminaria,tipoVia,calle,numeroCalle,codigo,distrito,barrio,Longitude,Latitude
GLED002,LED,CALLE,DEL JAZMIN,51,11112774,Ciudad Lineal,9,443912,44780000000,4481558,84730000000
GLED002,LED,CALLE,DEL JAZMIN,53,11112775,Ciudad Lineal,9,443930,17090000000,4481560,52610000000
GLED002,LED,CALLE,DEL JAZMIN,53,11112775,Ciudad Lineal,9,443946,58810000000,4481560,52590000000
GLED002,LED,CALLE,DEL JAZMIN,55,11112776,Ciudad Lineal,9,443963,47430000000,4481559,66090000000
GLED002,LED,CALLE,DEL JAZMIN,55,11112776,Ciudad Lineal,9,443981,10170000000,4481556,79420000000
GLED002,LED,CALLE,DEL JAZMIN,55,11112776,Ciudad Lineal,9,444000,31720000000,4481545,22710000000
GLED002,LED,CALLE,DEL JAZMIN,55,11112776,Ciudad Lineal,9,444008,33910000000,4481527,69020000000
GLED002,LED,CALLE,DEL JAZMIN,57,11112777,Ciudad Lineal,9,444010,57770000000,4481510,89970000000
GLED002,LED,CALLE,DEL JAZMIN,59,20184188,Ciudad Lineal,9,444011,51030000000,4481493,17630000000
GLED002,LED,CALLE,DEL JAZMIN,55,11112776,Ciudad Lineal,9,444022,33130000000,4481552,12950000000
GLED002,LED,CALLE,DEL JAZMIN,55,11112776,Ciudad Lineal,9,444043,41240000000,4481546,53240000000
GLED002,LED,CALLE,DEL JAZMIN,55,11112776,Ciudad Lineal,9,444031,63560000000,4481542,44210000000
GLED002,LED,CALLE,DEL JAZMIN,55,11112776,Ciudad Lineal,9,444049,00910000000,4481529,36860000000
GLED002,LED,CALLE,DEL JAZMIN,55,11112776,Ciudad Lineal,9,444028,86060000000,4481529,36890000000
LBE029,DESCARGA,CALLE,DE LA SENDA,4,20134410,Ciudad Lineal,9,443380,95600000000,4480938,91580000000
LBE003,DESCARGA,CALLE,DEL JAZMIN,7,11112695,Ciudad Lineal,9,443484,43740000000,4481114,21430000000
LBE003,DESCARGA,CALLE,DEL JAZMIN,32,11112688,Ciudad Lineal,9,443462,46290000000,4481082,98060000000
LBE003,DESCARGA,CALLE,DEL JAZMIN,36,11112690,Ciudad Lineal,9,443514,59720000000,4481097,49980000000
LBE003,DESCARGA,CALLE,DEL JAZMIN,44,11112679,Ciudad Lineal,9,443505,80290000000,4481123,93540000000
LBE003,DESCARGA,CALLE,DEL JAZMIN,36,11112690,Ciudad Lineal,9,443494,30180000000,4481110,93210000000
LBE003,DESCARGA,CALLE,DEL JAZMIN,46,20184118,Ciudad Lineal,9,443510,27590000000,4481148,95550000000
LBE003,DESCARGA,CALLE,DEL JAZMIN,40,20168295,Ciudad Lineal,9,443534,01040000000,4481083,64440000000
GLED002,LED,CALLE,DEL JAZMIN,26,11112686,Ciudad Lineal,9,443462,76800000000,4481028,31050000000
LBE029,DESCARGA,CALLE,DEL JAZMIN,34,11112689,Ciudad Lineal,9,443473,46660000000,4481097,81450000000
GLED002,LED,CALLE,DEL JAZMIN,44,11112679,Ciudad Lineal,9,443514,94690000000,4481138,61020000000
GLED002,LED,CALLE,DEL JAZMIN,42,11112757,Ciudad Lineal,9,443535,87040000000,4481120,47880000000
GLED002,LED,CALLE,DEL JAZMIN,40,20168295,Ciudad Lineal,9,443546,02030000000,4481097,82870000000
GLED002,LED,CALLE,DEL JAZMIN,38,11112759,Ciudad Lineal,9,443554,74980000000,4481087,80330000000
LBE003,DESCARGA,CALLE,DEL JAZMIN,9,11112761,Ciudad Lineal,9,443486,11410000000,4481142,97680000000
LBE003,DESCARGA,CALLE,DEL JAZMIN,5,20184159,Ciudad Lineal,9,443442,25850000000,4481079,75410000000
LBE003,DESCARGA,CAMINO,DE LA CUERDA,3,20133966,Ciudad Lineal,9,443359,40170000000,4480951,49600000000
LBE003,DESCARGA,CALLE,DEL JAZMIN,18,11112683,Ciudad Lineal,9,443407,97300000000,4480945,26980000000
LBE003,DESCARGA,CALLE,DE LA DALIA,6,20135276,Ciudad Lineal,9,443522,44680000000,4481165,88880000000
LBE029,DESCARGA,CALLE,DEL JAZMIN,28,20184115,Ciudad Lineal,9,443427,93490000000,4481017,82720000000
LBE003,DESCARGA,CALLE,DE LA SENDA,3,20134416,Ciudad Lineal,9,443397,99140000000,4480970,49010000000
LBE029,DESCARGA,CALLE,DEL JAZMIN,3,20134674,Ciudad Lineal,9,443418,81140000000,4480979,78350000000
GLED002,LED,CAMINO,DE LA CUERDA,4,20133981,Ciudad Lineal,9,443388,71880000000,4480989,46540000000
GLED002,LED,CALLE,DEL JAZMIN,24,20039228,Ciudad Lineal,9,443444,65800000000,4480995,76160000000
LBE002,DESCARGA,CAMINO,DE LA CUERDA,6,20133984,Ciudad Lineal,9,443378,74680000000,4481041,04540000000
LBE003,DESCARGA,CALLE,DEL JAZMIN,30,20150712,Ciudad Lineal,9,443439,47150000000,4481050,21700000000
LBE002,DESCARGA,CALLE,DE LA SENDA,3,20134416,Ciudad Lineal,9,443371,35160000000,4480968,04790000000
LBE003,DESCARGA,CALLE,DEL JAZMIN,14,20134668,Ciudad Lineal,9,443381,14810000000,4480906,76400000000
LBE002,DESCARGA,CAMINO,DE LA CUERDA,4,20133981,Ciudad Lineal,9,443371,27760000000,4480986,30600000000
LBE002,DESCARGA,CAMINO,DE LA CUERDA,4,20133981,Ciudad Lineal,9,443373,10580000000,4481011,34210000000
GLED002,LED,CALLE,DEL JAZMIN,20,11112684,Ciudad Lineal,9,443428,51810000000,4480956,60320000000
GLED002,LED,CALLE,DEL JAZMIN,28,20184115,Ciudad Lineal,9,443413,78380000000,4481052,66200000000
GLED002,LED,CAMINO,DE LA CUERDA,6,20133984,Ciudad Lineal,9,443386,88700000000,4481067,59360000000
GLED002,LED,CALLE,DEL JAZMIN,26,11112686,Ciudad Lineal,9,443449,79370000000,4481015,10060000000
GLED002,LED,CALLE,DEL JAZMIN,14,20134668,Ciudad Lineal,9,443392,65220000000,4480904,24950000000
GLED002,LED,CALLE,DEL JAZMIN,12,11112681,Ciudad Lineal,9,443414,48690000000,4480900,58230000000
LBE003,DESCARGA,CALLE,DEL JAZMIN,11,11112694,Ciudad Lineal,9,443511,18290000000,4481179,13890000000
LBE003,DESCARGA,CALLE,DEL JAZMIN,28,20184115,Ciudad Lineal,9,443419,75770000000,4481045,10560000000
GLED002,LED,CALLE,DEL JAZMIN,12,11112681,Ciudad Lineal,9,443401,03570000000,4480884,16740000000
GLED002,LED,CALLE,DEL JAZMIN,10,20134665,Ciudad Lineal,9,443383,18660000000,4480881,34020000000
GLED002,LED,CALLE,DEL JAZMIN,22,11112685,Ciudad Lineal,9,443440,47820000000,4480973,87870000000
LBE003,DESCARGA,CAMINO,DE LA CUERDA,1,20133963,Ciudad Lineal,9,443362,26550000000,4480927,41340000000
LBE003,DESCARGA,CALLE,DE LA SENDA,2,20134407,Ciudad Lineal,9,443351,68860000000,4480935,82700000000
GLED002,LED,CALLE,DEL JAZMIN,39,11112781,Ciudad Lineal,9,443865,34140000000,4481531,77450000000
LBE004,DESCARGA,CALLE,DE ARTURO SORIA,308,11112595,Ciudad Lineal,9,443362,79770000000,4480741,79960000000
LBE004,DESCARGA,CALLE,DE ARTURO SORIA,291,31016165,Ciudad Lineal,9,443320,73470000000,4480787,98170000000
LBE004,DESCARGA,CALLE,DE ARTURO SORIA,308,11112595,Ciudad Lineal,9,443345,29010000000,4480754,83410000000
LBE004,DESCARGA,CALLE,DE ARTURO SORIA,291,31016165,Ciudad Lineal,9,443342,74030000000,4480776,41910000000
LBE003,DESCARGA,CALLE,DE ELADIO LOPEZ VILCHES,18,11112602,Ciudad Lineal,9,443595,97970000000,4480571,47010000000
LBE002,DESCARGA,CALLE,DE GOMEZ HEMANS,17,31030678,Ciudad Lineal,9,443662,55920000000,4480261,48700000000
LBE003,DESCARGA,CALLE,DE JULIO DANVILA,12,11112494,Ciudad Lineal,9,443645,72910000000,4480358,00900000000
LBE004,DESCARGA,CALLE,DE ARTURO SORIA,310,11112680,Ciudad Lineal,9,443358,66090000000,4480781,07030000000
LBE004,DESCARGA,CALLE,DE ARTURO SORIA,291,31016165,Ciudad Lineal,9,443326,91560000000,4480758,49320000000
LBE003,DESCARGA,CALLE,DE RAMON FORT,16,11112619,Ciudad Lineal,9,443621,33490000000,4480464,72630000000
LBE022,DESCARGA,CALLE,DE ARTURO SORIA,308,11112595,Ciudad Lineal,9,443365,73940000000,4480750,96820000000
LBE004,DESCARGA,CALLE,DE ARTURO SORIA,289,11112558,Ciudad Lineal,9,443353,15800000000,4480625,88450000000
LBE004,DESCARGA,CALLE,DE ARTURO SORIA,278,11112459,Ciudad Lineal,9,443433,06540000000,4480302,02680000000
LBE004,DESCARGA,CALLE,DE ARTURO SORIA,308,11112595,Ciudad Lineal,9,443332,03120000000,4480733,72580000000
LBE003,DESCARGA,CALLE,DE LA BAUSA,10,31012643,Ciudad Lineal,9,443290,31810000000,4480058,12070000000
LBE003,DESCARGA,CALLE,DE LA BAUSA,8,31012642,Ciudad Lineal,9,443313,50500000000,4480008,96390000000
LBE004,DESCARGA,CALLE,DE ARTURO SORIA,279,11112470,Ciudad Lineal,9,443444,97820000000,4480164,13560000000
LBE003,DESCARGA,CALLE,DE LA BAUSA,6,31012641,Ciudad Lineal,9,443337,96990000000,4479993,56600000000
LBE002,DESCARGA,CALLE,DE LA PRENSA,9,11112504,Ciudad Lineal,9,443348,81550000000,4480184,29610000000
LBE002,DESCARGA,CALLE,DE SERRANO GALVACHE,2,20097212,Ciudad Lineal,9,443294,02610000000,4480296,01270000000
LBE004,DESCARGA,CALLE,DE ARTURO SORIA,278,11112459,Ciudad Lineal,9,443434,88360000000,4480316,63040000000
LBE004,DESCARGA,CALLE,DE ARTURO SORIA,280,11112627,Ciudad Lineal,9,443418,91690000000,4480413,69940000000
LBE004,DESCARGA,CALLE,DE ARTURO SORIA,286,11112591,Ciudad Lineal,9,443394,85020000000,4480535,13560000000
LBE003,DESCARGA,CALLE,DE ELADIO LOPEZ VILCHES,13,11112604,Ciudad Lineal,9,443490,63600000000,4480549,18310000000
LBE004,DESCARGA,CALLE,DE ARTURO SORIA,287,20039182,Ciudad Lineal,9,443391,41630000000,4480433,18770000000
LBE004,DESCARGA,CALLE,DEL MARQUES DE ALTAMIRA,1,11112610,Ciudad Lineal,9,443375,43690000000,4480631,73820000000
LBE003,DESCARGA,CALLE,DE JULIO DANVILA,11,11112608,Ciudad Lineal,9,443592,16440000000,4480347,07390000000
LBE003,DESCARGA,CALLE,DE JULIO DANVILA,1,11112634,Ciudad Lineal,9,443488,45040000000,4480325,98290000000
LBE003,DESCARGA,CALLE,DE SERRANO GALVACHE,5,11112521,Ciudad Lineal,9,443298,03620000000,4480287,31980000000
LBE002,DESCARGA,CALLE,DE LA PRENSA,3,20148331,Ciudad Lineal,9,443401,62820000000,4480194,80240000000
LBE004,DESCARGA,CALLE,DE ARTURO SORIA,270,11112457,Ciudad Lineal,9,443468,78870000000,4480163,93650000000
LBE004,DESCARGA,CALLE,DE ARTURO SORIA,302,11112592,Ciudad Lineal,9,443341,50170000000,4480683,99560000000
LBE003,DESCARGA,CALLE,DE RAMON FORT,6,11112618,Ciudad Lineal,9,443541,66810000000,4480448,05860000000
LBE003,DESCARGA,CALLE,DE SERRANO GALVACHE,7,11112555,Ciudad Lineal,9,443285,22400000000,4480272,55690000000
LBE003,DESCARGA,CALLE,DE ELADIO LOPEZ VILCHES,15,20172536,Ciudad Lineal,9,443506,24130000000,4480639,97020000000
LBE004,DESCARGA,CALLE,DE ARTURO SORIA,285,11112556,Ciudad Lineal,9,443414,32520000000,4480315,76990000000
LBE004,DESCARGA,CALLE,DE ARTURO SORIA,282,20174732,Ciudad Lineal,9,443413,41850000000,4480442,04960000000
LBE003,DESCARGA,CALLE,DE ARTURO SORIA,282,11112589,Ciudad Lineal,9,443460,84300000000,4480430,74730000000
LBE003,DESCARGA,CALLE,DE ELADIO LOPEZ VILCHES,2,11112596,Ciudad Lineal,9,443435,60450000000,4480537,54020000000
LBE003,DESCARGA,CALLE,DE LA PRENSA,13,11112550,Ciudad Lineal,9,443322,95250000000,4480144,05850000000
LBE004,DESCARGA,CALLE,DE ARTURO SORIA,287,11112557,Ciudad Lineal,9,443378,66970000000,4480497,23580000000
LBE003,DESCARGA,CALLE,DE ELADIO LOPEZ VILCHES,7,11112644,Ciudad Lineal,9,443452,14900000000,4480628,31790000000
LBE002,DESCARGA,CALLE,DE GOMEZ HEMANS,5,11112481,Ciudad Lineal,9,443514,97550000000,4480231,55640000000
LBE003,DESCARGA,CALLE,DE ELADIO LOPEZ VILCHES,15,31042058,Ciudad Lineal,9,443542,18050000000,4480560,08800000000
LBE003,DESCARGA,CALLE,DE RAMON FORT,4,11112617,Ciudad Lineal,9,443513,44690000000,4480442,04940000000
LBE003,DESCARGA,CALLE,DEL MARQUES DE ALTAMIRA,1,11112610,Ciudad Lineal,9,443404,42170000000,4480617,77370000000
LBE002,DESCARGA,CALLE,DE GOMEZ HEMANS,7,11112482,Ciudad Lineal,9,443549,75780000000,4480238,66970000000
LBE003,DESCARGA,CALLE,DE SERRANO GALVACHE,13,20146601,Ciudad Lineal,9,443192,73930000000,4480196,73060000000
LBE003,DESCARGA,CALLE,DE SERRANO GALVACHE,9,20097218,Ciudad Lineal,9,443213,60740000000,4480218,65030000000
GLED002,LED,CALLE,DE ARTURO SORIA,270,11112457,Ciudad Lineal,9,443480,96890000000,4480172,10340000000
GLED002,LED,CALLE,DE ARTURO SORIA,274,11112458,Ciudad Lineal,9,443463,02150000000,4480257,83590000000
GLED002,LED,CALLE,DE ARTURO SORIA,282,20174732,Ciudad Lineal,9,443425,30070000000,4480447,92930000000
LBE002,DESCARGA,CALLE,DE SERRANO GALVACHE,13,20146601,Ciudad Lineal,9,443177,27850000000,4480172,03550000000
LBE004,DESCARGA,CALLE,DE ARTURO SORIA,304,11112593,Ciudad Lineal,9,443365,27570000000,4480699,05150000000
LBE004,DESCARGA,CALLE,DE ARTURO SORIA,285,11112556,Ciudad Lineal,9,443407,76820000000,4480351,02500000000
LBE003,DESCARGA,CALLE,DE SERRANO GALVACHE,1,11112519,Ciudad Lineal,9,443392,04170000000,4480293,11110000000
LBE022,DESCARGA,CALLE,DE JULIO DANVILA,1,11112606,Ciudad Lineal,9,443448,93840000000,4480325,43350000000
GLED002,LED,CALLE,DE ARTURO SORIA,282,20174732,Ciudad Lineal,9,443419,11680000000,4480479,07790000000
GLED002,LED,CALLE,DEL MARQUES DE ALTAMIRA,1,11112610,Ciudad Lineal,9,443388,84170000000,4480638,21560000000
LBE002,DESCARGA,CALLE,DE SERRANO GALVACHE,2,20097212,Ciudad Lineal,9,443287,30120000000,4480326,32300000000
LBE004,DESCARGA,CALLE,DE ARTURO SORIA,287,20039182,Ciudad Lineal,9,443396,11270000000,4480409,59010000000
LBE003,DESCARGA,CALLE,DE ARTURO SORIA,282,11112589,Ciudad Lineal,9,443437,03030000000,4480425,71760000000
LBE004,DESCARGA,CALLE,DE ARTURO SORIA,283,11112472,Ciudad Lineal,9,443419,74300000000,4480288,27140000000
LBE003,DESCARGA,CALLE,DE LA BAUSA,19,31007143,Ciudad Lineal,9,443297,35060000000,4480028,83920000000
GLED002,LED,CALLE,DE ARTURO SORIA,270,11112457,Ciudad Lineal,9,443487,60480000000,4480138,49610000000
LBE002,DESCARGA,CALLE,DE LA BAUSA,35,31044387,Ciudad Lineal,9,443278,59720000000,4480365,74090000000
LBE004,DESCARGA,CALLE,DE ARTURO SORIA,283,11112472,Ciudad Lineal,9,443426,35850000000,4480257,07140000000
LBE004,DESCARGA,CALLE,DE ARTURO SORIA,286,11112591,Ciudad Lineal,9,443365,86280000000,4480562,21420000000
LBE004,DESCARGA,CALLE,DE ARTURO SORIA,280,11112588,Ciudad Lineal,9,443442,20520000000,4480347,63010000000
LBE003,DESCARGA,CALLE,DE LA PRENSA,8,11112500,Ciudad Lineal,9,443314,58810000000,4480184,84560000000
LBE003,DESCARGA,CALLE,DE ARTURO SORIA,286,11112591,Ciudad Lineal,9,443411,03350000000,4480532,34170000000
LBE003,DESCARGA,CALLE,DEL MARQUES DE ALTAMIRA,5,11112612,Ciudad Lineal,9,443480,61570000000,4480634,58650000000
LBE003,DESCARGA,CALLE,DEL MARQUES DE ALTAMIRA,3,11112611,Ciudad Lineal,9,443427,76680000000,4480622,94840000000
LBE003,DESCARGA,CALLE,DE JULIO DANVILA,7,11112607,Ciudad Lineal,9,443540,37450000000,4480336,96460000000
GLED002,LED,CALLE,DE ARTURO SORIA,286,11112591,Ciudad Lineal,9,443400,60110000000,4480571,20570000000
LBE022,DESCARGA,CALLE,DE ARTURO SORIA,278,11112459,Ciudad Lineal,9,443454,52310000000,4480290,00920000000
GLED002,LED,CALLE,DE ARTURO SORIA,286,11112591,Ciudad Lineal,9,443406,43100000000,4480541,54590000000
GLED002,LED,CALLE,DE ARTURO SORIA,280,11112627,Ciudad Lineal,9,443432,69040000000,4480412,12420000000
GLED002,LED,CALLE,DE ARTURO SORIA,280,11112588,Ciudad Lineal,9,443441,84460000000,4480366,25620000000
GLED002,LED,CALLE,DE ARTURO SORIA,302,11112592,Ciudad Lineal,9,443384,21470000000,4480661,95700000000
GLED001,LED,CALLE,DE ELADIO LOPEZ VILCHES,15,20172544,Ciudad Lineal,9,443555,88080000000,4480650,39190000000
GLED002,LED,CALLE,DE ARTURO SORIA,302,11112592,Ciudad Lineal,9,443379,83500000000,4480684,42780000000
LBE004,DESCARGA,CALLE,DE ARTURO SORIA,304,11112593,Ciudad Lineal,9,443337,25110000000,4480705,73840000000
LBE004,DESCARGA,CALLE,DE ARTURO SORIA,288,11112641,Ciudad Lineal,9,443359,26770000000,4480595,57940000000
LBE004,DESCARGA,CALLE,DE ARTURO SORIA,287,20039182,Ciudad Lineal,9,443384,39450000000,4480468,47000000000
LBE002,DESCARGA,CALLE,DE LA BAUSA,35,31044387,Ciudad Lineal,9,443271,30730000000,4480399,90400000000
LBE003,DESCARGA,CALLE,DE ELADIO LOPEZ VILCHES,4,11112597,Ciudad Lineal,9,443461,83840000000,4480543,09050000000
LBE003,DESCARGA,CALLE,DE SERRANO GALVACHE,1,11112519,Ciudad Lineal,9,443407,56000000000,4480308,68040000000
LBE004,DESCARGA,CALLE,DE ARTURO SORIA,287,11112557,Ciudad Lineal,9,443372,80440000000,4480526,93830000000
LBE004,DESCARGA,CALLE,DE ARTURO SORIA,284,11112590,Ciudad Lineal,9,443400,02060000000,4480509,73660000000
LBE004,DESCARGA,CALLE,DE ARTURO SORIA,289,11112558,Ciudad Lineal,9,443347,03040000000,4480655,78190000000
LBE003,DESCARGA,CALLE,DE JULIO DANVILA,1,11112606,Ciudad Lineal,9,443460,93250000000,4480320,37330000000
LBE004,DESCARGA,CALLE,DE ARTURO SORIA,272,31046718,Ciudad Lineal,9,443456,99420000000,4480227,79100000000
LBE003,DESCARGA,CALLE,DE SERRANO GALVACHE,3,11112520,Ciudad Lineal,9,443345,44120000000,4480284,21290000000
LBE002,DESCARGA,CALLE,DE LA PRENSA,9,31008720,Ciudad Lineal,9,443322,91500000000,4480179,15630000000
LBE003,DESCARGA,CALLE,DE ELADIO LOPEZ VILCHES,15,20172516,Ciudad Lineal,9,443518,88670000000,4480555,15970000000
LBE003,DESCARGA,CALLE,DE ELADIO LOPEZ VILCHES,18,11112602,Ciudad Lineal,9,443571,54980000000,4480566,30140000000
LBE003,DESCARGA,CALLE,DE LA BAUSA,25,31007146,Ciudad Lineal,9,443282,29820000000,4480093,36740000000
LBE004,DESCARGA,CALLE,DE ARTURO SORIA,277,11112469,Ciudad Lineal,9,443452,14470000000,4480128,27610000000
LBE002,DESCARGA,CALLE,DE SERRANO GALVACHE,13,20146601,Ciudad Lineal,9,443187,84460000000,4480160,99100000000
GLED002,LED,CALLE,DE ARTURO SORIA,284,11112590,Ciudad Lineal,9,443413,90710000000,4480506,97540000000
GLED002,LED,CALLE,DE ARTURO SORIA,288,11112641,Ciudad Lineal,9,443395,07820000000,4480600,91480000000
LBE002,DESCARGA,CALLE,DE GOMEZ HEMANS,9,11112483,Ciudad Lineal,9,443589,52180000000,4480246,82040000000
LBE004,DESCARGA,CALLE,DE ARTURO SORIA,274,11112458,Ciudad Lineal,9,443455,71540000000,4480260,75300000000
LBE003,DESCARGA,CALLE,DE RAMON FORT,8,11112632,Ciudad Lineal,9,443571,63860000000,4480454,49580000000
LBE004,DESCARGA,CALLE,DE ARTURO SORIA,286,11112591,Ciudad Lineal,9,443387,74990000000,4480569,12490000000
LBE002,DESCARGA,CALLE,DE SERRANO GALVACHE,13,20146601,Ciudad Lineal,9,443199,03480000000,4480148,56550000000
LBE003,DESCARGA,CALLE,DE SERRANO GALVACHE,13,20146601,Ciudad Lineal,9,443175,18820000000,4480183,19020000000
LBE004,DESCARGA,CALLE,DE ARTURO SORIA,270,11112457,Ciudad Lineal,9,443474,88740000000,4480132,66320000000
LBE004,DESCARGA,CALLE,DE ARTURO SORIA,279,11112470,Ciudad Lineal,9,443438,83830000000,4480194,61130000000
GLED002,LED,CALLE,DE ARTURO SORIA,280,11112588,Ciudad Lineal,9,443437,16440000000,4480389,72780000000
LBE003,DESCARGA,CALLE,DE LA PRENSA,8,11112500,Ciudad Lineal,9,443306,31810000000,4480223,89160000000
LBE003,DESCARGA,CALLE,DE LA BAUSA,25,31007146,Ciudad Lineal,9,443303,49410000000,4480114,49640000000
GLED002,LED,CALLE,DE ARTURO SORIA,272,31046718,Ciudad Lineal,9,443468,50490000000,4480230,43470000000
LBE003,DESCARGA,CALLE,DE RAMON FORT,8,31042059,Ciudad Lineal,9,443593,39120000000,4480459,10050000000
LBE002,DESCARGA,CALLE,DE GOMEZ HEMANS,1,11112479,Ciudad Lineal,9,443480,43800000000,4480224,48930000000
LBE002,DESCARGA,CALLE,DE GOMEZ HEMANS,13,11112524,Ciudad Lineal,9,443623,89170000000,4480253,71730000000
LBE003,DESCARGA,CALLE,DE ELADIO LOPEZ VILCHES,15,20172540,Ciudad Lineal,9,443533,73980000000,4480645,74700000000
LBE002,DESCARGA,CALLE,DE SERRANO GALVACHE,13,20146601,Ciudad Lineal,9,443211,64370000000,4480141,31150000000
LBE002,DESCARGA,CALLE,DE LA PRENSA,7,11112503,Ciudad Lineal,9,443376,00910000000,4480189,72080000000
LBE004,DESCARGA,CALLE,DE ARTURO SORIA,285,11112556,Ciudad Lineal,9,443402,01120000000,4480379,95040000000
LBE004,DESCARGA,CALLE,DE ARTURO SORIA,282,20174732,Ciudad Lineal,9,443406,19190000000,4480477,33350000000
LBE004,DESCARGA,CALLE,DE ARTURO SORIA,302,11112592,Ciudad Lineal,9,443369,14400000000,4480665,41330000000
LBE003,DESCARGA,CALLE,DE JULIO DANVILA,13,11112609,Ciudad Lineal,9,443619,86880000000,4480352,63410000000
LBE003,DESCARGA,CALLE,DE SERRANO GALVACHE,3,11112520,Ciudad Lineal,9,443354,35470000000,4480298,41070000000
LBE003,DESCARGA,CALLE,DE RAMON FORT,2,11112616,Ciudad Lineal,9,443490,05760000000,4480437,06210000000
LBE003,DESCARGA,CALLE,DE SERRANO GALVACHE,7,11112555,Ciudad Lineal,9,443299,76780000000,4480255,40260000000
LBE002,DESCARGA,CALLE,DE LA PRENSA,1,20148337,Ciudad Lineal,9,443427,85560000000,4480200,00110000000
LBE004,DESCARGA,CALLE,DE ARTURO SORIA,281,11112471,Ciudad Lineal,9,443433,66600000000,4480222,39550000000
GLED002,LED,CALLE,DE GOMEZ HEMANS,2,11112473,Ciudad Lineal,9,443474,47850000000,4480206,01380000000
LBE003,DESCARGA,CALLE,DE SERRANO GALVACHE,9,20097218,Ciudad Lineal,9,443265,70740000000,4480269,84180000000
LBE003,DESCARGA,CALLE,DE JULIO DANVILA,9,11112633,Ciudad Lineal,9,443565,65990000000,4480341,99610000000
LBE004,DESCARGA,CALLE,DE ARTURO SORIA,279,11112470,Ciudad Lineal,9,443461,53120000000,4480199,77140000000
LBE004,DESCARGA,CALLE,DE ARTURO SORIA,288,11112641,Ciudad Lineal,9,443381,35940000000,4480602,76460000000
LBE003,DESCARGA,CALLE,DE SERRANO GALVACHE,9,20097218,Ciudad Lineal,9,443237,85830000000,4480245,53510000000
LBE003,DESCARGA,CALLE,DE JULIO DANVILA,1,11112636,Ciudad Lineal,9,443513,94120000000,4480331,45560000000
LBE002,DESCARGA,CALLE,DE SERRANO GALVACHE,13,20146601,Ciudad Lineal,9,443225,40230000000,4480147,79910000000
LBE004,DESCARGA,CALLE,DE ARTURO SORIA,280,11112588,Ciudad Lineal,9,443428,63970000000,4480380,04910000000
LBE004,DESCARGA,CALLE,DEL GOLFO DE SALONICA,29,11112671,Ciudad Lineal,9,443643,19090000000,4481044,70900000000
LBE003,DESCARGA,CALLE,DE MESENA,101,11112638,Ciudad Lineal,9,443621,11780000000,4480514,68560000000
LBE003,DESCARGA,CALLE,DE MESENA,103,31047299,Ciudad Lineal,9,443612,27240000000,4480558,41420000000
LBE003,DESCARGA,CALLE,DE MESENA,109,11112654,Ciudad Lineal,9,443591,75500000000,4480649,97060000000
LBE003,DESCARGA,CALLE,DE MESENA,105,11112615,Ciudad Lineal,9,443602,70920000000,4480600,90180000000
LBE003,DESCARGA,CALLE,DE JULIO DANVILA,12,11112494,Ciudad Lineal,9,443650,58110000000,4480364,75160000000
LBE003,DESCARGA,CALLE,DE RAMON FORT,16,11112619,Ciudad Lineal,9,443631,63000000000,4480460,54440000000
LBE003,DESCARGA,CALLE,DE MESENA,97,20039190,Ciudad Lineal,9,443640,33960000000,4480416,87480000000
LBE003,DESCARGA,CALLE,DE MESENA,109,11112654,Ciudad Lineal,9,443596,91800000000,4480627,43340000000
LBE003,DESCARGA,CALLE,DE AÑASTRO,5,11112541,Ciudad Lineal,9,443739,95970000000,4479913,22320000000
LBE003,DESCARGA,CALLE,DE MESENA,67,31047526,Ciudad Lineal,9,443729,63380000000,4479963,02060000000
LBE003,DESCARGA,CALLE,DE MESENA,85,11112499,Ciudad Lineal,9,443659,98970000000,4480317,43180000000
LBE003,DESCARGA,CALLE,DE MESENA,69,11112535,Ciudad Lineal,9,443717,55410000000,4480024,37090000000
LBE003,DESCARGA,CALLE,DE AÑASTRO,5,11112540,Ciudad Lineal,9,443737,06090000000,4479865,40820000000
LBE003,DESCARGA,CALLE,DE GOMEZ HEMANS,17,31030678,Ciudad Lineal,9,443669,22130000000,4480270,81860000000
LBE003,DESCARGA,CALLE,DE MESENA,73,11112529,Ciudad Lineal,9,443697,72990000000,4480126,40940000000
LBE003,DESCARGA,CALLE,DE AÑASTRO,5,11112540,Ciudad Lineal,9,443746,61280000000,4479878,85670000000
LBE003,DESCARGA,CALLE,DE MESENA,103,31047299,Ciudad Lineal,9,443628,29600000000,4480566,56940000000
LBE003,DESCARGA,CALLE,DE MESENA,103,31047299,Ciudad Lineal,9,443627,74650000000,4480538,16250000000
LBE003,DESCARGA,CALLE,DE MESENA,97,20039190,Ciudad Lineal,9,443645,65710000000,4480446,20450000000
LBE002,DESCARGA,CALLE,DEL ARTE,13,11112731,Ciudad Lineal,9,442998,63050000000,4481449,86810000000
LBE002,DESCARGA,CALLE,DE CALERUEGA,64,20133339,Ciudad Lineal,9,443147,42170000000,4481494,20220000000
GLED001,LED,CALLE,DE CALERUEGA,65,11112721,Ciudad Lineal,9,443110,45720000000,4481519,59630000000
LBE002,DESCARGA,CALLE,DE CALERUEGA,78,20126339,Ciudad Lineal,9,443328,56520000000,4481486,80200000000
LBE002,DESCARGA,CALLE,DEL ARTE,19,20118709,Ciudad Lineal,9,443024,60440000000,4481537,19850000000
GLED001,LED,CALLE,DEL ARTE,12,11112672,Ciudad Lineal,9,443117,49040000000,4481543,72510000000
GLED001,LED,CALLE,DE CALERUEGA,63,11112722,Ciudad Lineal,9,443105,93390000000,4481498,25960000000
LBE002,DESCARGA,CALLE,DE CALERUEGA,88,31005636,Ciudad Lineal,9,443283,35500000000,4481480,45160000000
GLED001,LED,CALLE,DE CALERUEGA,66,20133342,Ciudad Lineal,9,443201,42180000000,4481458,98420000000
LBE002,DESCARGA,CALLE,DEL ARTE,17,20118706,Ciudad Lineal,9,443008,63700000000,4481513,65080000000
LBE002,DESCARGA,CALLE,DE CALERUEGA,63,11112722,Ciudad Lineal,9,443111,26340000000,4481491,10010000000
GLED001,LED,CALLE,DE CALERUEGA,65,11112721,Ciudad Lineal,9,443123,33300000000,4481526,50190000000
GLED001,LED,CALLE,DE CALERUEGA,74,20133354,Ciudad Lineal,9,443255,30380000000,4481460,14690000000
LBE002,DESCARGA,CALLE,DE CALERUEGA,63,11112722,Ciudad Lineal,9,443094,71010000000,4481493,09540000000
LBE002,DESCARGA,CALLE,DEL ARTE,4,20118736,Ciudad Lineal,9,443067,58780000000,4481540,38700000000
LBE002,DESCARGA,CALLE,DE CALERUEGA,67,11112720,Ciudad Lineal,9,443168,54980000000,4481505,08000000000
LBE002,DESCARGA,CALLE,DE CALERUEGA,62,20133336,Ciudad Lineal,9,443106,40120000000,4481466,18970000000
GLED001,LED,CALLE,DEL ARTE,2,20118715,Ciudad Lineal,9,443100,24520000000,4481512,43370000000
GLED001,LED,CALLE,DE CALERUEGA,70,20133348,Ciudad Lineal,9,443225,61960000000,4481455,27650000000
LBE002,DESCARGA,CALLE,DE CALERUEGA,88,20133372,Ciudad Lineal,9,443184,71560000000,4481503,25870000000
GLED001,LED,CALLE,DEL ARTE,12,11112672,Ciudad Lineal,9,443112,34500000000,4481558,89150000000
GLED001,LED,CALLE,DE CALERUEGA,70,20133348,Ciudad Lineal,9,443214,46840000000,4481441,30780000000
LBE002,DESCARGA,CALLE,DEL ARTE,15,11112730,Ciudad Lineal,9,442995,48050000000,4481477,68530000000
LBE002,DESCARGA,CALLE,DE CALERUEGA,86,20133369,Ciudad Lineal,9,443306,64930000000,4481494,33710000000
GLED001,LED,CALLE,DE CALERUEGA,72,31055942,Ciudad Lineal,9,443242,14030000000,4481449,15500000000
LBE002,DESCARGA,CALLE,DE CALERUEGA,74,20133354,Ciudad Lineal,9,443257,60650000000,4481473,93970000000
LBE002,DESCARGA,CALLE,DE CALERUEGA,62,20133336,Ciudad Lineal,9,443084,17870000000,4481463,94640000000
GLED001,LED,CALLE,DEL ARTE,12,11112672,Ciudad Lineal,9,443108,11310000000,4481571,36700000000
LBE002,DESCARGA,CALLE,DE CALERUEGA,66,20133342,Ciudad Lineal,9,443202,58450000000,4481480,45270000000
GLED001,LED,CALLE,DE CALERUEGA,78,20126339,Ciudad Lineal,9,443312,09870000000,4481474,50730000000
GLED001,LED,CALLE,DE CALERUEGA,65,11112721,Ciudad Lineal,9,443120,23100000000,4481517,75860000000
GLED001,LED,CALLE,DE CALERUEGA,76,20133357,Ciudad Lineal,9,443283,04210000000,4481465,45810000000
GLED001,LED,CALLE,DE CALERUEGA,72,31055942,Ciudad Lineal,9,443229,06580000000,4481430,83630000000
LBE002,DESCARGA,CALLE,DE CALERUEGA,62,31068748,Ciudad Lineal,9,443166,17580000000,4481489,43370000000
GLED001,LED,CALLE,DE CALERUEGA,76,20133357,Ciudad Lineal,9,443297,92930000000,4481473,46650000000
GLED001,LED,CALLE,DE CALERUEGA,66,20133342,Ciudad Lineal,9,443184,64660000000,4481477,95940000000
LBE002,DESCARGA,CALLE,DEL ARTE,21,20118712,Ciudad Lineal,9,443045,58610000000,4481558,18020000000
LBE002,DESCARGA,CALLE,DE CALERUEGA,88,31005635,Ciudad Lineal,9,443225,87500000000,4481474,28100000000
LBE002,DESCARGA,CALLE,DEL ARTE,2,20118715,Ciudad Lineal,9,443081,30270000000,4481516,47410000000
GLED002,LED,CALLE,DEL LAUD,6,20135015,Ciudad Lineal,9,443794,62710000000,4481507,31140000000
GLED002,LED,CALLE,DEL LAUD,2,20135009,Ciudad Lineal,9,443713,01570000000,4481522,85320000000
GLED002,LED,CALLE,DEL LAUD,4,20135012,Ciudad Lineal,9,443759,83630000000,4481520,51570000000
GLED002,LED,CALLE,DEL LAUD,6,20135015,Ciudad Lineal,9,443781,72560000000,4481519,45380000000
GLED002,LED,CALLE,DEL LAUD,4,20135012,Ciudad Lineal,9,443735,23740000000,4481521,76970000000
GLED002,LED,CALLE,DE ARTURO SORIA,353,11112806,Ciudad Lineal,9,443655,16790000000,4481559,40490000000
GLED002,LED,CALLE,DE ARTURO SORIA,337,11112802,Ciudad Lineal,9,443604,65590000000,4481496,58780000000
GLED002,LED,CALLE,DE ARTURO SORIA,353,11112806,Ciudad Lineal,9,443655,69330000000,4481609,37650000000
GLED002,LED,CALLE,DE ARTURO SORIA,341,20184323,Ciudad Lineal,9,443621,81020000000,4481543,17250000000
GLED002,LED,CALLE,DE ARTURO SORIA,337,11112802,Ciudad Lineal,9,443584,16920000000,4481497,08590000000
GLED002,LED,CALLE,DE ARTURO SORIA,349,20184332,Ciudad Lineal,9,443635,13840000000,4481617,96630000000
GLED002,LED,CALLE,DE ARTURO SORIA,349,20184332,Ciudad Lineal,9,443607,87570000000,4481566,27180000000
GLED002,LED,CALLE,DE ARTURO SORIA,349,20184332,Ciudad Lineal,9,443612,73190000000,4481626,36990000000
GLED002,LED,CALLE,DE ARTURO SORIA,345,20184329,Ciudad Lineal,9,443544,53550000000,4481645,55760000000
GLED002,LED,CALLE,DE ARTURO SORIA,341,20184323,Ciudad Lineal,9,443615,94050000000,4481548,07980000000
GLED002,LED,CALLE,DE CALERUEGA,87,20133195,Ciudad Lineal,9,443513,12520000000,4481645,86210000000
GLED002,LED,CALLE,DE ARTURO SORIA,345,20184329,Ciudad Lineal,9,443586,97630000000,4481635,85850000000
GLED002,LED,CALLE,DE ARTURO SORIA,351,20184335,Ciudad Lineal,9,443628,96500000000,4481559,78960000000
GLED002,LED,CALLE,DE ARTURO SORIA,353,11112806,Ciudad Lineal,9,443669,74000000000,4481559,20440000000
GLED002,LED,CALLE,DE ARTURO SORIA,337,11112802,Ciudad Lineal,9,443569,07530000000,4481497,45260000000
GLED002,LED,CALLE,DE ARTURO SORIA,339,20184320,Ciudad Lineal,9,443589,95320000000,4481548,31210000000
GLED002,LED,CALLE,DE ARTURO SORIA,345,20184329,Ciudad Lineal,9,443588,44330000000,4481566,72310000000
LBE122,DESCARGA,CALLE,DE ARTURO SORIA,353,11112806,Ciudad Lineal,9,443652,50440000000,4481531,91050000000
GLED002,LED,CALLE,DE ARTURO SORIA,345,20184329,Ciudad Lineal,9,443562,64600000000,4481641,94080000000
GLED002,LED,CALLE,DE ARTURO SORIA,345,20184329,Ciudad Lineal,9,443533,41550000000,4481647,54990000000
GLED002,LED,CALLE,DE ARTURO SORIA,353,11112806,Ciudad Lineal,9,443652,42870000000,4481542,60980000000
GLED002,LED,CALLE,DE ARTURO SORIA,353,11112806,Ciudad Lineal,9,443674,53760000000,4481600,37830000000
LBE056,DESCARGA,CALLE,DE ARTURO SORIA,332,11112698,Ciudad Lineal,9,443534,31250000000,4481345,48860000000
LBE056,DESCARGA,CALLE,DEL OBOE,1,20132741,Ciudad Lineal,9,443657,88140000000,4481489,98240000000
LBE004,DESCARGA,CALLE,DE ARTURO SORIA,348,20127985,Ciudad Lineal,9,443753,68870000000,4481586,76040000000
LBE004,DESCARGA,CALLE,DE ARTURO SORIA,348,20127985,Ciudad Lineal,9,443725,44010000000,4481568,67190000000
LBE003,DESCARGA,CALLE,DE ARTURO SORIA,335,20184317,Ciudad Lineal,9,443541,66290000000,4481432,51420000000
LBE022,DESCARGA,CALLE,DE ARTURO SORIA,330,11112691,Ciudad Lineal,9,443492,39000000000,4481297,01200000000
LBE022,DESCARGA,CALLE,DE ARTURO SORIA,333,20184314,Ciudad Lineal,9,443510,96100000000,4481369,81610000000
GLED001,LED,CALLE,DE BRIVIESCA,5,20132723,Ciudad Lineal,9,443434,51380000000,4481492,03220000000
LBE022,DESCARGA,CALLE,DE ARTURO SORIA,336,11112767,Ciudad Lineal,9,443616,66500000000,4481440,58740000000
LBE022,DESCARGA,CALLE,DE ARTURO SORIA,335,20184317,Ciudad Lineal,9,443580,08560000000,4481450,05910000000
LBE003,DESCARGA,CALLE,DE BRIVIESCA,5,20132723,Ciudad Lineal,9,443446,59300000000,4481481,79530000000
LBE022,DESCARGA,CALLE,DE ARTURO SORIA,332,11112698,Ciudad Lineal,9,443518,59700000000,4481327,02020000000
LBE003,DESCARGA,CALLE,DE BRIVIESCA,1,20132717,Ciudad Lineal,9,443521,42320000000,4481417,56960000000
LBE056,DESCARGA,CALLE,DE ARTURO SORIA,337,11112802,Ciudad Lineal,9,443634,30480000000,4481515,29200000000
LBE022,DESCARGA,CALLE,DE ARTURO SORIA,332,11112698,Ciudad Lineal,9,443505,04070000000,4481310,95010000000
LBE022,DESCARGA,CALLE,DEL VIOLIN,1,20132660,Ciudad Lineal,9,443576,90810000000,4481395,33990000000
LBE022,DESCARGA,CALLE,DE BRIVIESCA,1,20132717,Ciudad Lineal,9,443531,84690000000,4481393,79570000000
